20200000,20200000,20200000,20200000,10120479,10120579,10120679,20200000,20200000,20200000,20200000,20200000,20200000,20200000,20200000,20200000,20200000,20200000,20200000,20200000,20200000,20200000,20200000,20200000,20200000,20200000,20200000,20200000,20200000,20200000,20200000,20200000,20200000,20200000,20200000,20200000,20200000,20200000,10123879,10123979,10124079,10124179,10124279,20200000,20200000,20200000,20200000,20200000,20200000,20200000,20200000,20200000,20200000,20200000,20200000,20200000,20200000,20200000,20200000,20200000,20200000,20200000,20200000,20200000,20200000,20200000,20200000,20200000,20200000,20200000,20200000,20200000,20200000,20200000,20200000,20200000,20200000,20200000,20200000,20200000,,0,,
20200000,10100000,10100000,10100000,10100000,10100000,10100000,10100000,10100000,10100000,20100000,10100000,10100000,10100000,10100000,10100000,10100000,10100000,10100000,10100000,10100000,10100000,10100000,10100000,10100000,10100000,10100000,10100000,20100000,20100000,20100000,20100000,10100000,10100000,10100000,10100000,10100000,10100000,10100000,10100000,10100000,10100000,10100000,10100000,10100000,10100000,10100000,10100000,10100000,10100000,20100000,20100000,20100000,20100000,10100000,10100000,10100000,10100000,10100000,10100000,10100000,10100000,10100000,10100000,10100000,10100000,10100000,10100000,10100000,10100000,10100000,20100000,10100000,10100000,10100000,10100000,10100000,10100000,10100000,20200000,,1,,
20200000,10100000,10100000,10100000,10100000,10100000,10100000,10100000,10100000,10100000,20100000,10100000,10100000,10100000,10100000,10100000,10100000,10100000,10100000,10100000,10100000,10100000,10100000,10100000,10100000,10100000,10100000,10100000,20100000,20100000,20100000,20100000,10100000,10100000,10100000,10100000,10100000,10100000,10100000,10100000,10100000,10100000,10100000,10100000,10100000,10100000,10100000,10100000,10100000,10100000,20100000,20100000,20100000,20100000,10100000,10100000,10100000,10100000,10100000,10100000,10100000,10100000,10100000,10100000,10100000,10100000,10100000,10100000,10100000,10100000,10100000,20100000,10100000,10100000,10100000,10100000,10100000,10100000,10100000,20200000,,2,,
20200000,10100000,10100000,10100000,10100000,10100000,10100000,10100000,10100000,10100000,20100000,10100000,10100000,10100000,10100000,10100000,10100000,10100000,10100000,10100000,10100000,10100000,10100000,10100000,10100000,10100000,10100000,10100000,20100000,20100000,20100000,20100000,10100000,10100000,10100000,10100000,10100000,10100000,10100000,10100000,10100000,10100000,10100000,10100000,10100000,10100000,10100000,10100000,10100000,10100000,20100000,20100000,20100000,20100000,10100000,10100000,10100000,10100000,10100000,10100000,10100000,10100000,10100000,10100000,10100000,10100000,10100000,10100000,10100000,10100000,10100000,20100000,10100000,10100000,10100000,10100000,10100000,10100000,10100000,20200000,,3,,
20200000,10100000,10100000,10100000,10100000,10100000,10100000,10100000,10100000,10100000,20100000,10100000,10100000,10100000,10100000,10100000,10100000,10100000,10100000,10100000,10100000,10100000,10100000,10100000,10100000,10100000,10100000,10100000,20100000,20100000,20100000,20100000,10100000,10100000,10100000,10100000,10100000,10100000,10100000,10100000,10100000,10100000,10100000,10100000,10100000,10100000,10100000,10100000,10100000,10100000,20100000,20100000,20100000,20100000,10100000,10100000,10100000,10100000,10100000,10100000,10100000,10100000,10100000,10100000,10100000,10100000,10100000,10100000,10100000,10100000,10100000,20100000,10100000,10100000,10100000,10100000,10100000,10100000,10100000,20200000,,4,,
20200000,10100000,10100000,10100000,10100000,10100000,10100000,10100000,10100000,10100000,20100000,10100000,10100000,10100000,10100000,10100000,10100000,10100000,10100000,10100000,10100000,10100000,10100000,10100000,10100000,10100000,10100000,10100000,20100000,20100000,20100000,20100000,10100000,10100000,10100000,10100000,10100000,10100000,10100000,10100000,10100000,10100000,10100000,10100000,10100000,10100000,10100000,10100000,10100000,10100000,20100000,20100000,20100000,20100000,10100000,10100000,10100000,10100000,10100000,10100000,10100000,10100000,10100000,10100000,10100000,10100000,10100000,10100000,10100000,10100000,10100000,20100000,10100000,10100000,10100000,10100000,10100000,10100000,10100000,20200000,,5,,
20200000,10100000,10100000,10100000,10100000,10100000,10100000,10100000,10100000,10100000,20100000,10100000,10100000,10100000,10100000,10100000,10100000,10100000,10100000,10100000,10100000,10100000,10100000,10100000,10100000,10100000,10100000,10100000,20100000,20100000,20100000,20100000,10100000,10100000,10100000,10100000,10100000,10100000,10100000,10100000,10100000,10100000,10100000,10100000,10100000,10100000,10100000,10100000,10100000,10100000,20100000,20100000,20100000,20100000,10100000,10100000,10100000,10100000,10100000,10100000,10100000,10100000,10100000,10100000,10100000,10100000,10100000,10100000,10100000,10100000,10100000,20100000,10100000,10100000,10100000,10100000,10100000,10100000,10100000,20200000,,6,,
20200000,10100000,10100000,10100000,10100000,10100000,10100000,10100000,10100000,10100000,20100000,10100000,10100000,10100000,10100000,10100000,10100000,10100000,10100000,10100000,10100000,10100000,10100000,10100000,10100000,10100000,10100000,10100000,20100000,20100000,20100000,20100000,10100000,10100000,10100000,10100000,10100000,10100000,10100000,10100000,10100000,10100000,10100000,10100000,10100000,10100000,10100000,10100000,10100000,10100000,20100000,20100000,20100000,20100000,10100000,10100000,10100000,10100000,10100000,10100000,10100000,10100000,10100000,10100000,10100000,10100000,10100000,10100000,10100000,10100000,10100000,20100000,10100000,10100000,10100000,10100000,10100000,10100000,10100000,20200000,,7,,
20200000,10100000,10100000,10100000,10100000,10100000,10100000,10100000,10100000,10100000,20100000,10100000,10100000,10100000,10100000,10100000,10100000,10100000,10100000,10100000,10100000,10100000,10100000,10100000,10100000,10100000,10100000,10100000,20100000,20100000,20100000,20100000,10100000,10100000,10100000,10100000,10100000,10100000,10100000,10100000,10100000,10100000,10100000,10100000,10100000,10100000,10100000,10100000,10100000,10100000,20100000,20100000,20100000,20100000,10100000,10100000,10100000,10100000,10100000,10100000,10100000,10100000,10100000,10100000,10100000,10100000,10100000,10100000,10100000,10100000,10100000,10100000,10100000,10100000,10100000,10100000,10100000,10100000,10100000,20200000,,8,,
20200000,10100000,10100000,10100000,10100000,10100000,10100000,10100000,10100000,10100000,20100000,10100000,10100000,10100000,10100000,10100000,10100000,10100000,10100000,10100000,10100000,10100000,10100000,10100000,10100000,10100000,10100000,10100000,20100000,20100000,20100000,20100000,10100000,10100000,10100000,10100000,10100000,10100000,10100000,10100000,10100000,10100000,10100000,10100000,10100000,10100000,10100000,10100000,10100000,10100000,20100000,20100000,20100000,20100000,10100000,10100000,10100000,10100000,10100000,10100000,10100000,10100000,10100000,10100000,10100000,10100000,10100000,10100000,10100000,10100000,10100000,10100000,10100000,10100000,10100000,10100000,10100000,10100000,10100000,20200000,,9,,
20200000,10100000,10100000,10100000,10100000,10100000,10100000,10100000,10100000,10100000,10100000,10100000,10100000,10100000,10100000,10100000,10100000,10100000,10100000,10100000,10100000,10100000,10100000,10100000,10100000,10100000,10100000,10100000,20100000,20100000,20100000,20100000,10100000,10100000,10100000,10100000,10100000,10100000,10100000,10100000,10100000,10100000,10100000,10100000,10100000,10100000,10100000,10100000,10100000,10100000,20100000,20100000,20100000,20100000,10100000,10100000,10100000,10100000,10100000,10100000,10100000,10100000,10100000,10100000,10100000,10100000,10100000,10100000,10100000,10100000,10100000,10100000,10100000,10100000,10100000,10100000,10100000,10100000,10100000,20200000,,10,,
20200000,10100000,10100000,10100000,10100000,10100000,10100000,10100000,10100000,10100000,10100000,10100000,10100000,10100000,10100000,10100000,10100000,10100000,10100000,10100000,10100000,10100000,10100000,10100000,10100000,10100000,10100000,10100000,20100000,20100000,20100000,20100000,20100000,20100000,20100000,20100000,20100000,20100000,20100000,20100000,20100000,20100000,20100000,20100000,10100000,10100000,10100000,10100000,10100000,10100000,20100000,20100000,20100000,20100000,10100000,10100000,10100000,10100000,10100000,10100000,10100000,10100000,10100000,10100000,10100000,10100000,10100000,10100000,10100000,10100000,10100000,10100000,10100000,10100000,10100000,10100000,10100000,10100000,10100000,20200000,,11,,
20200000,10100000,10100000,10100000,10100000,10100000,10100000,10100000,10100000,10100000,10100000,10100000,10100000,10100000,10100000,10100000,10100000,10100000,10100000,10100000,10100000,10100000,10100000,10100000,10100000,10100000,10100000,10100000,20100000,20100000,20100000,20100000,20100000,20100000,20100000,20100000,20100000,20100000,20100000,20100000,20100000,20100000,20100000,20100000,10100000,10100000,10100000,10100000,10100000,10100000,20100000,20100000,20100000,20100000,10100000,10100000,10100000,10100000,10100000,10100000,10100000,10100000,10100000,10100000,10100000,10100000,10100000,10100000,10100000,10100000,10100000,10100000,10100000,10100000,10100000,10100000,10100000,10100000,10100000,20200000,,12,,
20200000,10100000,10100000,10100000,10100000,10100000,10100000,10100000,10100000,10100000,10100000,10100000,10100000,10100000,10100000,10100000,10100000,10100000,10100000,10100000,10100000,10100000,10100000,10100000,10100000,10100000,10100000,10100000,20100000,20100000,20100000,20100000,20100000,20100000,20100000,20100000,20100000,20100000,20100000,20100000,20100000,20100000,20100000,20100000,10100000,10100000,10100000,10100000,10100000,10100000,20100000,20100000,20100000,20100000,10100000,10100000,10100000,10100000,10100000,10100000,10100000,10100000,10100000,10100000,10100000,10100000,10100000,10100000,10100000,10100000,10100000,10100000,10100000,10100000,10100000,10100000,10100000,10100000,10100000,20200000,,13,,
20200000,10100000,10100000,10100000,10100000,10100000,10100000,10100000,10100000,10100000,10100000,10100000,10100000,10100000,10100000,10100000,10100000,10100000,10100000,10100000,10100000,10100000,10100000,10100000,10100000,10100000,10100000,10100000,20100000,20100000,20100000,20100000,10100000,10100000,10100000,10100000,10100000,10100000,10100000,10100000,10100000,10100000,10100000,10100000,10100000,10100000,10100000,10100000,10100000,10100000,20100000,20100000,20100000,20100000,10100000,10100000,10100000,10100000,10100000,10100000,10100000,10100000,10100000,10100000,10100000,10100000,10100000,10100000,10100000,10100000,10100000,10100000,10100000,10100000,10100000,10100000,10100000,10100000,10100000,20200000,,14,,
20200000,10100000,10100000,10100000,10100000,10100000,10100000,10100000,10100000,10100000,10100000,10100000,10100000,10100000,10100000,10100000,10100000,10100000,10100000,10100000,10100000,10100000,10100000,10100000,10100000,10100000,10100000,10100000,20100000,20100000,20100000,20100000,10100000,10100000,10100000,10100000,10100000,10100000,10100000,10100000,10100000,10100000,10100000,10100000,10100000,10100000,10100000,10100000,10100000,10100000,20100000,20100000,20100000,20100000,10100000,10100000,10100000,10100000,10100000,10100000,10100000,10100000,10100000,10100000,10100000,10100000,10100000,10100000,10100000,10100000,10100000,10100000,10100000,10100000,10100000,10100000,10100000,10100000,10100000,20200000,,15,,
20200000,10100000,10100000,10100000,10100000,10100000,10100000,10100000,10100000,10100000,10100000,10100000,10100000,10100000,10100000,10100000,10100000,10100000,10100000,10100000,10100000,10100000,10100000,10100000,10100000,10100000,10100000,10100000,20100000,20100000,20100000,20100000,10100000,10100000,10100000,10100000,10100000,10100000,10100000,10100000,10100000,10100000,10100000,10100000,10100000,10100000,10100000,10100000,10100000,10100000,20100000,20100000,20100000,20100000,10100000,10100000,10100000,10100000,10100000,10100000,10100000,10100000,10100000,10100000,10100000,10100000,10100000,10100000,10100000,10100000,10100000,20100000,10100000,10100000,10100000,10100000,10100000,10100000,10100000,20200000,,16,,
20200000,10100000,10100000,10100000,10100000,10100000,10100000,10100000,10100000,10100000,20100000,10100000,10100000,10100000,10100000,10100000,10100000,10100000,10100000,10100000,10100000,10100000,10100000,10100000,10100000,10100000,10100000,10100000,20100000,20100000,20100000,20100000,10100000,10100000,10100000,10100000,10100000,10100000,10100000,10100000,10100000,10100000,10100000,10100000,10100000,10100000,10100000,10100000,10100000,10100000,20100000,20100000,20100000,20100000,10100000,10100000,10100000,10100000,10100000,10100000,10100000,10100000,10100000,10100000,10100000,10100000,10100000,10100000,10100000,10100000,10100000,20100000,10100000,10100000,10100000,10100000,10100000,10100000,10100000,20200000,,17,,
20200000,10100000,10100000,10100000,10100000,10100000,10100000,10100000,10100000,10100000,20100000,10100000,10100000,10100000,10100000,10100000,10100000,10100000,10100000,10100000,10100000,10100000,10100000,10100000,10100000,10100000,10100000,10100000,20100000,20100000,20100000,20100000,10100000,10100000,10100000,10100000,10100000,10100000,10100000,10100000,10100000,10100000,10100000,10100000,10100000,10100000,10100000,10100000,10100000,10100000,20100000,20100000,20100000,20100000,10100000,10100000,10100000,10100000,10100000,10100000,10100000,10100000,10100000,10100000,10100000,10100000,10100000,10100000,10100000,10100000,10100000,20100000,10100000,10100000,10100000,10100000,10100000,10100000,10100000,20200000,,18,,
20200000,10100000,10100000,10100000,10100000,10100000,10100000,10100000,10100000,10100000,20100000,10100000,10100000,10100000,10100000,10100000,10100000,10100000,10100000,10100000,10100000,10100000,10100000,10100000,10100000,10100000,10100000,10100000,20100000,20100000,20100000,20100000,10100000,10100000,10100000,10100000,10100000,10100000,10100000,10100000,10100000,10100000,10100000,10100000,10100000,10100000,10100000,10100000,10100000,10100000,20100000,20100000,20100000,20100000,10100000,10100000,10100000,10100000,10100000,10100000,10100000,10100000,10100000,10100000,10100000,10100000,10100000,10100000,10100000,10100000,10100000,20100000,10100000,10100000,10100000,10100000,10100000,10100000,10100000,20200000,,19,,
20200000,10100000,10100000,10100000,10100000,10100000,10100000,10100000,10100000,10100000,20100000,10100000,10100000,10100000,10100000,10100000,10100000,10100000,10100000,10100000,10100000,10100000,10100000,10100000,10100000,10100000,10100000,10100000,20100000,20100000,20100000,20100000,10100000,10100000,10100000,10100000,10100000,10100000,10100000,10100000,10100000,10100000,10100000,10100000,10100000,10100000,10100000,10100000,10100000,10100000,20100000,20100000,20100000,20100000,10100000,10100000,10100000,10100000,10100000,10100000,10100000,10100000,10100000,10100000,10100000,10100000,10100000,10100000,10100000,10100000,10100000,20100000,10100000,10100000,10100000,10100000,10100000,10100000,10100000,20200000,,20,,
20200000,10100000,10100000,10100000,10100000,10100000,10100000,10100000,10100000,10100000,20100000,10100000,10100000,10100000,10100000,10100000,10100000,10100000,10100000,10100000,10100000,10100000,10100000,10100000,10100000,10100000,10100000,10100000,20100000,20100000,20100000,20100000,10100000,10100000,10100000,10100000,10100000,10100000,10100000,10100000,10100000,10100000,10100000,10100000,10100000,10100000,10100000,10100000,10100000,10100000,20100000,20100000,20100000,20100000,10100000,10100000,10100000,10100000,10100000,10100000,10100000,10100000,10100000,10100000,10100000,10100000,10100000,10100000,10100000,10100000,10100000,20100000,10100000,10100000,10100000,10100000,10100000,10100000,10100000,20200000,,21,,
20200000,10100000,10100000,10100000,10100000,10100000,10100000,10100000,10100000,10100000,20100000,10100000,10100000,10100000,10100000,10100000,10100000,10100000,10100000,10100000,10100000,10100000,10100000,10100000,10100000,10100000,10100000,10100000,20100000,20100000,20100000,20100000,10100000,10100000,10100000,10100000,10100000,10100000,10100000,10100000,10100000,10100000,10100000,10100000,10100000,10100000,10100000,10100000,10100000,10100000,20100000,20100000,20100000,20100000,10100000,10100000,10100000,10100000,10100000,10100000,10100000,10100000,10100000,10100000,10100000,10100000,10100000,10100000,10100000,10100000,10100000,20100000,10100000,10100000,10100000,10100000,10100000,10100000,10100000,20200000,,22,,
20200000,10100000,10100000,10100000,10100000,10100000,10100000,10100000,10100000,10100000,20100000,10100000,10100000,10100000,10100000,10100000,10100000,10100000,10100000,10100000,10100000,10100000,10100000,10100000,10100000,10100000,10100000,10100000,20100000,20100000,20100000,20100000,10100000,10100000,10100000,10100000,10100000,10100000,10100000,10100000,10100000,10100000,10100000,10100000,10100000,10100000,10100000,10100000,10100000,10100000,20100000,20100000,20100000,20100000,10100000,10100000,10100000,10100000,10100000,10100000,10100000,10100000,10100000,10100000,10100000,10100000,10100000,10100000,10100000,10100000,10100000,20100000,10100000,10100000,10100000,10100000,10100000,10100000,10100000,20200000,,23,,
20200000,10100000,10100000,10100000,10100000,10100000,10100000,10100000,10100000,10100000,20100000,10100000,10100000,10100000,10100000,10100000,10100000,10100000,10100000,10100000,10100000,10100000,10100000,10100000,10100000,10100000,10100000,10100000,20100000,20100000,20100000,20100000,10100000,10100000,10100000,10100000,10100000,10100000,10100000,10100000,10100000,10100000,10100000,10100000,10100000,10100000,10100000,10100000,10100000,10100000,20100000,20100000,20100000,20100000,10100000,10100000,10100000,10100000,10100000,10100000,10100000,10100000,10100000,10100000,10100000,10100000,10100000,10100000,10100000,10100000,10100000,20100000,10100000,10100000,10100000,10100000,10100000,10100000,10100000,20200000,,24,,
20200000,10100000,10100000,10100000,10100000,10100000,10100000,10100000,10100000,10100000,20100000,10100000,10100000,10100000,10100000,10100000,10100000,10100000,10100000,10100000,10100000,10100000,10100000,10100000,10100000,10100000,10100000,10100000,20100000,20100000,20100000,20100000,20100000,20100000,10100000,10100000,10100000,20100000,20100000,20100000,20100000,20100000,20100000,20100000,20100000,20100000,20100000,20100000,20100000,20100000,20100000,20100000,20100000,20100000,10100000,10100000,10100000,10100000,10100000,10100000,10100000,10100000,10100000,10100000,10100000,10100000,10100000,10100000,10100000,10100000,10100000,20100000,10100000,10100000,10100000,10100000,10100000,10100000,10100000,20200000,,25,,
20200000,10100000,10100000,10100000,10100000,10100000,10100000,10100000,10100000,10100000,20100000,10100000,10100000,10100000,10100000,10100000,10100000,10100000,10100000,10100000,10100000,10100000,10100000,10100000,10100000,10100000,10100000,10100000,20100000,20100000,20100000,20100000,20100000,20100000,10100000,10100000,10100000,20100000,20100000,20100000,20100000,20100000,20100000,20100000,20100000,20100000,20100000,20100000,20100000,20100000,20100000,20100000,20100000,20100000,10100000,10100000,10100000,10100000,10100000,10100000,10100000,10100000,10100000,10100000,10100000,10100000,10100000,10100000,10100000,10100000,10100000,20100000,10100000,10100000,10100000,10100000,10100000,10100000,10100000,20200000,,26,,
20200000,10100000,10100000,10100000,10100000,10100000,10100000,10100000,10100000,10100000,20100000,10100000,10100000,10100000,10100000,10100000,10100000,10100000,10100000,10100000,10100000,10100000,10100000,10100000,10100000,10100000,10100000,10100000,20100000,20100000,20100000,20100000,20100000,20100000,10100000,10100000,10100000,20100000,20100000,20100000,20100000,20100000,20100000,20100000,20100000,20100000,20100000,20100000,20100000,20100000,20100000,20100000,20100000,20100000,10100000,10100000,10100000,10100000,10100000,10100000,10100000,10100000,10100000,10100000,10100000,10100000,10100000,10100000,10100000,10100000,10100000,20100000,10100000,10100000,10100000,10100000,10100000,10100000,10100000,20200000,,27,,
20200000,10100000,10100000,10100000,10100000,10100000,10100000,10100000,10100000,10100000,20100000,20100000,20100000,20100000,20100000,20100000,20100000,20100000,20100000,20100000,20100000,20100000,20100000,20100000,20100000,20100000,20100000,20100000,20100000,20100000,20100000,20100000,20100000,20100000,10100000,10100000,10100000,20100000,20100000,20100000,20100000,20100000,20100000,20100000,20100000,20100000,20100000,20100000,20100000,20100000,20100000,20100000,20100000,20100000,20100000,20100000,20100000,20100000,20100000,20100000,20100000,20100000,20100000,20100000,20100000,20100000,20100000,20100000,20100000,20100000,20100000,20100000,10100000,10100000,10100000,10100000,10100000,10100000,10100000,20200000,,28,,
20200000,10100000,10100000,10100000,10100000,10100000,10100000,10100000,10100000,10100000,10100000,10100000,10100000,10100000,10100000,10100000,10100000,10100000,10100000,10100000,10100000,10100000,10100000,10100000,10100000,10100000,10100000,10100000,10100000,10100000,10100000,10100000,10100000,10100000,10100000,10100000,10100000,10100000,10100000,10100000,10100000,10100000,10100000,10100000,10100000,10100000,10100000,10100000,10100000,10100000,10100000,10100000,10100000,10100000,10100000,10100000,10100000,10100000,10100000,10100000,10100000,10100000,10100000,10100000,10100000,10100000,10100000,10100000,10100000,10100000,10100000,10100000,10100000,10100000,10100000,10100000,10100000,10100000,10100000,20200000,,29,,
20200000,10100000,10100000,10100000,10100000,10100000,10100000,10100000,10100000,10100000,10100000,10100000,10100000,10100000,10100000,10100000,10100000,10100000,10100000,10100000,10100000,10100000,10100000,10100000,10100000,10100000,10100000,10100000,10100000,10100000,10100000,10100000,10100000,10100000,10100000,10100000,10100000,10100000,10100000,10100000,10100000,10100000,10100000,10100000,10100000,10100000,10100000,10100000,10100000,10100000,10100000,10100000,10100000,10100000,10100000,10100000,10100000,10100000,10100000,10100000,10100000,10100000,10100000,10100000,10100000,10100000,10100000,10100000,10100000,10100000,10100000,10100000,10100000,10100000,10100000,10100000,10100000,10100000,10100000,20200000,,30,,
20200000,10100000,10100000,10100000,10100000,10100000,10100000,10100000,10100000,10100000,10100000,10100000,10100000,10100000,10100000,10100000,10100000,10100000,10100000,10100000,10100000,10100000,10100000,10100000,10100000,10100000,10100000,10100000,10100000,10100000,10100000,10100000,10100000,10100000,10100000,10100000,10100000,10100000,10100000,10100000,10100000,10100000,10100000,10100000,10100000,10100000,10100000,10100000,10100000,10100000,10100000,10100000,10100000,10100000,10100000,10100000,10100000,10100000,10100000,10100000,10100000,10100000,10100000,10100000,10100000,10100000,10100000,10100000,10100000,10100000,10100000,10100000,10100000,10100000,10100000,10100000,10100000,10100000,10100000,20200000,,31,,
20200000,10100000,10100000,10100000,10100000,10100000,10100000,10100000,10100000,10100000,10100000,10100000,10100000,10100000,10100000,10100000,10100000,10100000,10100000,10100000,10100000,10100000,10100000,10100000,10100000,10100000,10100000,10100000,10100000,10100000,10100000,10100000,10100000,10100000,10100000,10100000,10100000,10100000,10100000,10100000,10100000,10100000,10100000,10100000,10100000,10100000,10100000,10100000,10100000,10100000,10100000,10100000,10100000,10100000,10100000,10100000,10100000,10100000,10100000,10100000,10100000,10100000,10100000,10100000,10100000,10100000,10100000,10100000,10100000,10100000,10100000,10100000,10100000,10100000,10100000,10100000,10100000,10100000,10100000,20200000,,32,,
20200000,10100000,10100000,10100000,10100000,10100000,10100000,10100000,10100000,10100000,10100000,10100000,10100000,10100000,10100000,10100000,10100000,10100000,10100000,10100000,10100000,10100000,10100000,10100000,10100000,10100000,10100000,10100000,10100000,10100000,10100000,10100000,10100000,10100000,10100000,10100000,10100000,10100000,10100000,10100000,10100000,10100000,10100000,10100000,10100000,10100000,10100000,10100000,10100000,10100000,10100000,10100000,10100000,10100000,10100000,10100000,10100000,10100000,10100000,10100000,10100000,10100000,10100000,10100000,10100000,10100000,10100000,10100000,10100000,10100000,10100000,10100000,10100000,10100000,10100000,10100000,10100000,10100000,10100000,20200000,,33,,
20200000,10100000,10100000,10100000,10100000,10100000,10100000,10100000,10100000,10100000,10100000,10100000,10100000,10100000,10100000,10100000,10100000,10100000,10100000,10100000,10100000,10100000,10100000,10100000,10100000,10100000,10100000,10100000,10100000,10100000,10100000,10100000,10100000,10100000,10100000,10100000,10100000,10100000,10100000,10100000,10100000,10100000,10100000,10100000,10100000,10100000,10100000,10100000,10100000,10100000,10100000,10100000,10100000,10100000,10100000,10100000,10100000,10100000,10100000,10100000,10100000,10100000,10100000,10100000,10100000,10100000,10100000,10100000,10100000,10100000,10100000,10100000,10100000,10100000,10100000,10100000,10100000,10100000,10100000,20200000,,34,,
20200000,10100000,10100000,10100000,10100000,10100000,10100000,10100000,10100000,10100000,10100000,10100000,10100000,10100000,10100000,10100000,10100000,10100000,10100000,10100000,10100000,10100000,10100000,10100000,10100000,10100000,10100000,10100000,10100000,10100000,10100000,10100000,10100000,10100000,10100000,10100000,10100000,10100000,10100000,10100000,10100000,10100000,10100000,10100000,10100000,10100000,10100000,10100000,10100000,10100000,10100000,10100000,10100000,10100000,10100000,10100000,10100000,10100000,10100000,10100000,10100000,10100000,10100000,10100000,10100000,10100000,10100000,10100000,10100000,10100000,10100000,10100000,10100000,10100000,10100000,10100000,10100000,10100000,10100000,20200000,,35,,
20200000,10100000,10100000,10100000,10100000,10100000,10100000,10100000,10100000,10100000,10100000,10100000,10100000,10100000,10100000,10100000,10100000,10100000,10100000,10100000,10100000,10100000,10100000,10100000,10100000,10100000,10100000,10100000,10100000,10100000,10100000,10100000,10100000,10100000,10100000,10100000,10100000,10100000,10100000,10100000,10100000,10100000,10100000,10100000,10100000,10100000,10100000,10100000,10100000,10100000,10100000,10100000,10100000,10100000,10100000,10100000,10100000,10100000,10100000,10100000,10100000,10100000,10100000,10100000,10100000,10100000,10100000,10100000,10100000,10100000,10100000,10100000,10100000,10100000,10100000,10100000,10100000,10100000,10100000,20200000,,36,,
20200000,20100000,20100000,20100000,20100000,20100000,10100000,10100000,10100000,10100000,10100000,10100000,20100000,20100000,20100000,20100000,20100000,20100000,20100000,20100000,20100000,20100000,20100000,20100000,20100000,20100000,20100000,20100000,20100000,20100000,20100000,20100000,20100000,20100000,20100000,20100000,20100000,10100000,10100000,10100000,10100000,10100000,10100000,10100000,20100000,20100000,20100000,20100000,20100000,20100000,20100000,20100000,20100000,20100000,20100000,20100000,20100000,20100000,20100000,20100000,20100000,20100000,20100000,20100000,20100000,20100000,20100000,10100000,10100000,10100000,10100000,10100000,20100000,20100000,20100000,20100000,20100000,20100000,20100000,20200000,,37,,
20200000,10100000,10100000,10100000,10100000,10100000,10100000,10100000,10100000,10100000,10100000,10100000,10100000,10100000,10100000,10100000,10100000,10100000,10100000,20100000,20100000,10100000,10100000,10100000,10100000,10100000,10100000,10100000,10100000,10100000,10100000,10100000,10100000,10100000,10100000,10100000,10100000,10100000,10100000,10100000,10100000,10100000,10100000,10100000,10100000,10100000,10100000,10100000,10100000,10100000,10100000,10100000,10100000,10100000,10100000,10100000,10100000,10100000,20100000,20100000,10100000,10100000,10100000,10100000,10100000,10100000,10100000,10100000,10100000,10100000,10100000,10100000,10100000,10100000,10100000,10100000,10100000,10100000,10100000,20200000,,38,,
20200000,10100000,10100000,10100000,10100000,10100000,10100000,10100000,10100000,10100000,10100000,10100000,10100000,10100000,10100000,10100000,10100000,10100000,10100000,20100000,20100000,10100000,10100000,10100000,10100000,10100000,10100000,10100000,10100000,10100000,10100000,10100000,10100000,10100000,10100000,10100000,10100000,10100000,10100000,10100000,10100000,10100000,10100000,10100000,10100000,10100000,10100000,10100000,10100000,10100000,10100000,10100000,10100000,10100000,10100000,10100000,10100000,10100000,20100000,20100000,10100000,10100000,10100000,10100000,10100000,10100000,10100000,10100000,10100000,10100000,10100000,10100000,10100000,10100000,10100000,10100000,10100000,10100000,10100000,20200000,,39,,
20200000,10100000,10100000,10100000,10100000,10100000,10100000,10100000,10100000,10100000,10100000,10100000,10100000,10100000,10100000,10100000,10100000,10100000,10100000,20100000,20100000,10100000,10100000,10100000,10100000,10100000,10100000,10100000,10100000,10100000,10100000,10100000,10100000,10100000,10100000,10100000,10100000,10100000,10100000,10100000,10100000,10100000,10100000,10100000,10100000,10100000,10100000,10100000,10100000,10100000,10100000,10100000,10100000,10100000,10100000,10100000,10100000,10100000,20100000,20100000,10100000,10100000,10100000,10100000,10100000,10100000,10100000,10100000,10100000,10100000,10100000,10100000,10100000,10100000,10100000,10100000,10100000,10100000,10100000,20200000,,40,,center
20200000,10100000,10100000,10100000,10100000,10100000,10100000,10100000,10100000,10100000,10100000,10100000,10100000,10100000,10100000,10100000,10100000,10100000,10100000,20100000,20100000,10100000,10100000,10100000,10100000,10100000,10100000,10100000,10100000,10100000,10100000,10100000,10100000,10100000,10100000,10100000,10100000,10100000,10100000,10100000,10100000,10100000,10100000,10100000,10100000,10100000,10100000,10100000,10100000,10100000,10100000,10100000,10100000,10100000,10100000,10100000,10100000,10100000,20100000,20100000,10100000,10100000,10100000,10100000,10100000,10100000,10100000,10100000,10100000,10100000,10100000,10100000,10100000,10100000,10100000,10100000,10100000,10100000,10100000,20200000,,41,,
20200000,10100000,10100000,10100000,10100000,10100000,10100000,10100000,10100000,10100000,10100000,10100000,10100000,10100000,10100000,10100000,10100000,10100000,10100000,20100000,20100000,10100000,10100000,10100000,10100000,10100000,10100000,10100000,10100000,10100000,10100000,10100000,10100000,10100000,10100000,10100000,10100000,10100000,10100000,10100000,10100000,10100000,10100000,10100000,10100000,10100000,10100000,10100000,10100000,10100000,10100000,10100000,10100000,10100000,10100000,10100000,10100000,10100000,20100000,20100000,10100000,10100000,10100000,10100000,10100000,10100000,10100000,10100000,10100000,10100000,10100000,10100000,10100000,10100000,10100000,10100000,10100000,10100000,10100000,20200000,,42,,
20200000,10100000,10100000,10100000,10100000,10100000,10100000,10100000,10100000,10100000,10100000,10100000,10100000,10100000,10100000,10100000,10100000,10100000,10100000,20100000,20100000,10100000,10100000,10100000,10100000,10100000,10100000,10100000,10100000,10100000,10100000,10100000,10100000,10100000,10100000,10100000,10100000,10100000,10100000,10100000,10100000,10100000,10100000,10100000,10100000,10100000,10100000,10100000,10100000,10100000,10100000,10100000,10100000,10100000,10100000,10100000,10100000,10100000,20100000,20100000,10100000,10100000,10100000,10100000,10100000,10100000,10100000,10100000,10100000,10100000,10100000,10100000,10100000,10100000,10100000,10100000,10100000,10100000,10100000,20200000,,43,,
20200000,10100000,10100000,10100000,10100000,10100000,10100000,10100000,10100000,10100000,10100000,10100000,10100000,10100000,10100000,10100000,10100000,10100000,10100000,20100000,20100000,10100000,10100000,10100000,10100000,10100000,10100000,10100000,10100000,10100000,10100000,10100000,10100000,10100000,10100000,10100000,10100000,10100000,10100000,10100000,10100000,10100000,10100000,10100000,10100000,10100000,10100000,10100000,10100000,10100000,10100000,10100000,10100000,10100000,10100000,10100000,10100000,10100000,20100000,20100000,10100000,10100000,10100000,10100000,10100000,10100000,10100000,10100000,10100000,10100000,10100000,10100000,10100000,10100000,10100000,10100000,10100000,10100000,10100000,20200000,,44,,
20200000,10100000,10100000,10100000,10100000,10100000,10100000,10100000,10100000,10100000,10100000,10100000,10100000,10100000,10100000,10100000,10100000,10100000,10100000,20100000,20100000,10100000,10100000,10100000,10100000,10100000,10100000,10100000,10100000,10100000,10100000,10100000,10100000,10100000,10100000,10100000,10100000,10100000,10100000,10100000,10100000,10100000,10100000,10100000,10100000,10100000,10100000,10100000,10100000,10100000,10100000,10100000,10100000,10100000,10100000,10100000,10100000,10100000,20100000,20100000,10100000,10100000,10100000,10100000,10100000,10100000,10100000,10100000,10100000,10100000,10100000,10100000,10100000,10100000,10100000,10100000,10100000,10100000,10100000,20200000,,45,,
20200000,10100000,10100000,10100000,10100000,10100000,10100000,10100000,10100000,10100000,10100000,10100000,10100000,10100000,10100000,10100000,10100000,10100000,10100000,20100000,20100000,10100000,10100000,10100000,10100000,10100000,10100000,10100000,10100000,10100000,10100000,10100000,10100000,10100000,10100000,10100000,10100000,10100000,10100000,10100000,10100000,10100000,10100000,10100000,10100000,10100000,10100000,10100000,10100000,10100000,10100000,10100000,10100000,10100000,10100000,10100000,10100000,10100000,20100000,20100000,10100000,10100000,10100000,10100000,10100000,10100000,10100000,10100000,10100000,10100000,10100000,10100000,10100000,10100000,10100000,10100000,10100000,10100000,10100000,20200000,,46,,
20200000,10100000,10100000,10100000,10100000,10100000,10100000,10100000,10100000,10100000,10100000,10100000,10100000,10100000,10100000,10100000,10100000,10100000,10100000,20100000,20100000,10100000,10100000,10100000,10100000,10100000,10100000,10100000,10100000,20100000,20100000,20100000,20100000,20100000,20100000,20100000,20100000,20100000,20100000,20100000,20100000,20100000,20100000,20100000,20100000,20100000,20100000,20100000,20100000,20100000,20100000,10100000,10100000,10100000,10100000,10100000,10100000,10100000,20100000,20100000,10100000,10100000,10100000,10100000,10100000,10100000,10100000,10100000,10100000,10100000,10100000,10100000,10100000,10100000,10100000,10100000,10100000,10100000,10100000,20200000,,47,,
20200000,10100000,10100000,10100000,10100000,10100000,10100000,10100000,10100000,10100000,10100000,10100000,10100000,10100000,10100000,10100000,10100000,10100000,10100000,20100000,20100000,10100000,10100000,10100000,10100000,10100000,10100000,10100000,10100000,20100000,20100000,20100000,20100000,20100000,20100000,20100000,20100000,20100000,20100000,20100000,20100000,20100000,20100000,20100000,20100000,20100000,20100000,20100000,20100000,20100000,20100000,10100000,10100000,10100000,10100000,10100000,10100000,10100000,20100000,20100000,10100000,10100000,10100000,10100000,10100000,10100000,10100000,10100000,10100000,10100000,10100000,10100000,10100000,10100000,10100000,10100000,10100000,10100000,10100000,20200000,,48,,
20200000,10100000,10100000,10100000,10100000,10100000,10100000,10100000,10100000,10100000,10100000,10100000,10100000,10100000,10100000,10100000,10100000,10100000,10100000,20100000,20100000,10100000,10100000,10100000,10100000,10100000,10100000,10100000,10100000,10100000,10100000,10100000,10100000,10100000,10100000,10100000,10100000,10100000,10100000,10100000,10100000,10100000,10100000,10100000,10100000,10100000,10100000,10100000,10100000,10100000,10100000,10100000,10100000,10100000,10100000,10100000,10100000,10100000,20100000,20100000,10100000,10100000,10100000,10100000,10100000,10100000,10100000,10100000,10100000,10100000,10100000,10100000,10100000,10100000,10100000,10100000,10100000,10100000,10100000,20200000,,49,,
20200000,10100000,10100000,10100000,10100000,10100000,10100000,10100000,10100000,10100000,10100000,10100000,10100000,10100000,10100000,10100000,10100000,10100000,10100000,20100000,20100000,10100000,10100000,10100000,10100000,10100000,10100000,10100000,10100000,10100000,10100000,10100000,10100000,10100000,10100000,10100000,10100000,10100000,10100000,10100000,10100000,10100000,10100000,10100000,10100000,10100000,10100000,10100000,10100000,10100000,10100000,10100000,10100000,10100000,10100000,10100000,10100000,10100000,20100000,20100000,10100000,10100000,10100000,10100000,10100000,10100000,10100000,10100000,10100000,10100000,10100000,10100000,10100000,10100000,10100000,10100000,10100000,10100000,10100000,20200000,,50,,
20200000,10100000,10100000,10100000,10100000,10100000,10100000,10100000,10100000,10100000,10100000,10100000,10100000,10100000,10100000,10100000,10100000,10100000,10100000,20100000,20100000,10100000,10100000,10100000,10100000,10100000,10100000,10100000,10100000,10100000,10100000,10100000,10100000,10100000,10100000,10100000,10100000,10100000,10100000,10100000,10100000,10100000,10100000,10100000,10100000,10100000,10100000,10100000,10100000,10100000,10100000,10100000,10100000,10100000,10100000,10100000,10100000,10100000,20100000,20100000,10100000,10100000,10100000,10100000,10100000,10100000,10100000,10100000,10100000,10100000,10100000,10100000,10100000,10100000,10100000,10100000,10100000,10100000,10100000,20200000,,51,,
20200000,10100000,10100000,10100000,10100000,10100000,10100000,10100000,10100000,10100000,10100000,10100000,10100000,10100000,10100000,10100000,10100000,10100000,10100000,20100000,20100000,10100000,10100000,10100000,10100000,10100000,10100000,10100000,10100000,10100000,10100000,10100000,10100000,10100000,10100000,10100000,10100000,10100000,10100000,10100000,10100000,10100000,10100000,10100000,10100000,10100000,10100000,10100000,10100000,10100000,10100000,10100000,10100000,10100000,10100000,10100000,10100000,10100000,20100000,20100000,10100000,10100000,10100000,10100000,10100000,10100000,10100000,10100000,10100000,10100000,10100000,10100000,10100000,10100000,10100000,10100000,10100000,10100000,10100000,20200000,,52,,
20200000,10100000,10100000,10100000,10100000,10100000,10100000,10100000,10100000,10100000,10100000,10100000,10100000,10100000,10100000,10100000,10100000,10100000,10100000,20100000,20100000,10100000,10100000,10100000,10100000,10100000,10100000,10100000,10100000,10100000,10100000,10100000,10100000,10100000,10100000,10100000,10100000,10100000,10100000,10100000,10100000,10100000,10100000,10100000,10100000,10100000,10100000,10100000,10100000,10100000,10100000,10100000,10100000,10100000,10100000,10100000,10100000,10100000,20100000,20100000,10100000,10100000,10100000,10100000,10100000,10100000,10100000,10100000,10100000,10100000,10100000,10100000,10100000,10100000,10100000,10100000,10100000,10100000,10100000,20200000,,53,,
20200000,10100000,10100000,10100000,10100000,10100000,10100000,10100000,10100000,10100000,10100000,10100000,10100000,10100000,10100000,10100000,10100000,10100000,10100000,20100000,20100000,10100000,10100000,10100000,10100000,10100000,10100000,10100000,10100000,10100000,10100000,10100000,10100000,10100000,10100000,10100000,10100000,10100000,10100000,10100000,10100000,10100000,10100000,10100000,10100000,10100000,10100000,10100000,10100000,10100000,10100000,10100000,10100000,10100000,10100000,10100000,10100000,10100000,20100000,20100000,10100000,10100000,10100000,10100000,10100000,10100000,10100000,10100000,10100000,10100000,10100000,10100000,10100000,10100000,10100000,10100000,10100000,10100000,10100000,20200000,,54,,
20200000,20200000,20200000,20200000,20200000,20200000,20200000,20200000,20200000,20200000,20200000,20200000,20200000,20200000,20200000,20200000,20200000,20200000,20200000,20200000,20200000,20200000,20200000,20200000,20200000,20200000,20200000,20200000,20200000,20200000,20200000,20200000,20200000,20200000,20200000,20200000,20200000,10100000,10100000,10100000,10100000,10100000,10100000,10100000,20200000,20200000,20200000,20200000,20200000,20200000,20200000,20200000,20200000,20200000,20200000,20200000,20200000,20200000,20200000,20200000,20200000,20200000,20200000,20200000,20200000,20200000,20200000,20200000,20200000,20200000,20200000,20200000,20200000,20200000,20200000,20200000,20200000,20200000,20200000,20200000,,55,,
10300000,10300000,10300000,10300000,10300000,10300000,10300000,10300000,10300000,10300000,10300000,10300000,10300000,10300000,10300000,10300000,10300000,10300000,10300000,10300000,10300000,10300000,10300000,10300000,10300000,10300000,10300000,10300000,10300000,10300000,10300000,10300000,10300000,10300000,10300000,10300000,10300000,10200000,10200000,10200000,10200000,10200000,10200000,10200000,10300000,10300000,10300000,10300000,10300000,10300000,10300000,10300000,10300000,10300000,10300000,10300000,10300000,10300000,10300000,10300000,10300000,10300000,10300000,10300000,10300000,10300000,10300000,10300000,10300000,10300000,10300000,10300000,10300000,10300000,10300000,10300000,10300000,10300000,10300000,10300000,,56,,
10300000,10300000,10300000,10300000,10300000,10300000,10300000,10300000,10300000,10300000,10300000,10300000,10300000,10300000,10300000,10300000,10300000,10300000,10300000,10300000,10300000,10300000,10300000,10300000,10300000,10300000,10300000,10300000,10300000,10300000,10300000,10300000,10300000,10300000,10300000,10300000,10300000,10200000,10200000,10200000,10200000,10200000,10200000,10200000,10300000,10300000,10300000,10300000,10300000,10300000,10300000,10300000,10300000,10300000,10300000,10300000,10300000,10300000,10300000,10300000,10300000,10300000,10300000,10300000,10300000,10300000,10300000,10300000,10300000,10300000,10300000,10300000,10300000,10300000,10300000,10300000,10300000,10300000,10300000,10300000,,57,,
10300000,10300000,10300000,10300000,10300000,10300000,10300000,10300000,10300000,10300000,10300000,10300000,10300000,10300000,10300000,10300000,10300000,10300000,10300000,10300000,10300000,10300000,10300000,10300000,10300000,10300000,10300000,10300000,10300000,10300000,10300000,10300000,10300000,10300000,10300000,10300000,10300000,10200000,10200000,10200000,10200000,10200000,10200000,10200000,10300000,10300000,10300000,10300000,10300000,10300000,10300000,10300000,10300000,10300000,10300000,10300000,10300000,10300000,10300000,10300000,10300000,10300000,10300000,10300000,10300000,10300000,10300000,10300000,10300000,10300000,10300000,10300000,10300000,10300000,10300000,10300000,10300000,10300000,10300000,10300000,,58,,
10300000,10300000,10300000,10300000,10300000,10300000,10300000,10300000,10300000,10300000,10300000,10300000,10300000,10300000,10300000,10300000,10300000,10300000,10300000,10300000,10300000,10300000,10300000,10300000,10300000,10300000,10300000,10300000,10300000,10300000,10300000,10300000,10300000,10300000,10300000,10300000,10300000,10200000,10200000,10200000,10200000,10200000,10200000,10200000,10300000,10300000,10300000,10300000,10300000,10300000,10300000,10300000,10300000,10300000,10300000,10300000,10300000,10300000,10300000,10300000,10300000,10300000,10300000,10300000,10300000,10300000,10300000,10300000,10300000,10300000,10300000,10300000,10300000,10300000,10300000,10300000,10300000,10300000,10300000,10300000,,59,,
10300000,10300000,10300000,10300000,10300000,10300000,10300000,10300000,10300000,10300000,10300000,10300000,10300000,10300000,10300000,10300000,10300000,10300000,10300000,10300000,10300000,10300000,10300000,10300000,10300000,10300000,10300000,10300000,10300000,10300000,10300000,10300000,10300000,10300000,10300000,10300000,10300000,10200000,10200000,10200000,10200000,10200000,10200000,10200000,10300000,10300000,10300000,10300000,10300000,10300000,10300000,10300000,10300000,10300000,10300000,10300000,10300000,10300000,10300000,10300000,10300000,10300000,10300000,10300000,10300000,10300000,10300000,10300000,10300000,10300000,10300000,10300000,10300000,10300000,10300000,10300000,10300000,10300000,10300000,10300000,,60,,
10300000,10300000,10300000,10300000,10300000,10300000,10300000,10300000,10300000,10300000,10300000,10300000,10300000,10300000,10300000,10300000,10300000,10300000,10300000,10300000,10300000,10300000,10300000,10300000,10300000,10300000,10300000,10300000,10300000,10300000,10300000,10300000,10300000,10300000,10300000,10300000,10300000,10200000,10200000,10200000,10200000,10200000,10200000,10200000,10300000,10300000,10300000,10300000,10300000,10300000,10300000,10300000,10300000,10300000,10300000,10300000,10300000,10300000,10300000,10300000,10300000,10300000,10300000,10300000,10300000,10300000,10300000,10300000,10300000,10300000,10300000,10300000,10300000,10300000,10300000,10300000,10300000,10300000,10300000,10300000,,61,,
10300000,10300000,10300000,10300000,10300000,10300000,10300000,10300000,10300000,10300000,10300000,10300000,10300000,10300000,10300000,10300000,10300000,10300000,10300000,10300000,10300000,10300000,10300000,10300000,10300000,10300000,10300000,10300000,10300000,10300000,10300000,10300000,10300000,10300000,10300000,10300000,10300000,10200000,10200000,10200000,10200000,10200000,10200000,10200000,10300000,10300000,10300000,10300000,10300000,10300000,10300000,10300000,10300000,10300000,10300000,10300000,10300000,10300000,10300000,10300000,10300000,10300000,10300000,10300000,10300000,10300000,10300000,10300000,10300000,10300000,10300000,10300000,10300000,10300000,10300000,10300000,10300000,10300000,10300000,10300000,,62,,
10300000,10300000,10300000,10300000,10300000,10300000,10300000,10300000,10300000,10300000,10300000,10300000,10300000,10300000,10300000,10300000,10300000,10300000,10300000,10300000,10300000,10300000,10300000,10300000,10300000,10300000,10300000,10300000,10300000,10300000,10300000,10300000,10300000,10300000,10300000,10300000,10300000,10200000,10200000,10200000,10200000,10200000,10200000,10200000,10300000,10300000,10300000,10300000,10300000,10300000,10300000,10300000,10300000,10300000,10300000,10300000,10300000,10300000,10300000,10300000,10300000,10300000,10300000,10300000,10300000,10300000,10300000,10300000,10300000,10300000,10300000,10300000,10300000,10300000,10300000,10300000,10300000,10300000,10300000,10300000,,63,,
10300000,10300000,10300000,10300000,10300000,10300000,10300000,10300000,10300000,10300000,10300000,10300000,10300000,10300000,10300000,10300000,10300000,10300000,10300000,10300000,10300000,10300000,10300000,10300000,10300000,10300000,10300000,10300000,10300000,10300000,10300000,10300000,10300000,10300000,10300000,10300000,10300000,10200000,10200000,10200000,10200000,10200000,10200000,10200000,10300000,10300000,10300000,10300000,10300000,10300000,10300000,10300000,10300000,10300000,10300000,10300000,10300000,10300000,10300000,10300000,10300000,10300000,10300000,10300000,10300000,10300000,10300000,10300000,10300000,10300000,10300000,10300000,10300000,10300000,10300000,10300000,10300000,10300000,10300000,10300000,,64,,
10300000,10300000,10300000,10300000,10300000,10300000,10300000,10300000,10300000,10300000,10300000,10300000,10300000,10300000,10300000,10300000,10300000,10300000,10300000,10300000,10300000,10300000,10300000,10300000,10300000,10300000,10300000,10300000,10300000,10300000,10300000,10300000,10300000,10300000,10300000,10300000,10300000,10200000,10200000,10200000,10200000,10200000,10200000,10200000,10300000,10300000,10300000,10300000,10300000,10300000,10300000,10300000,10300000,10300000,10300000,10300000,10300000,10300000,10300000,10300000,10300000,10300000,10300000,10300000,10300000,10300000,10300000,10300000,10300000,10300000,10300000,10300000,10300000,10300000,10300000,10300000,10300000,10300000,10300000,10300000,,65,,
10300000,10300000,10300000,10300000,10300000,10300000,10300000,10300000,10300000,10300000,10300000,10300000,10300000,10300000,10300000,10300000,10300000,10300000,10300000,10300000,10300000,10300000,10300000,10300000,10300000,10300000,10300000,10300000,10300000,10300000,10300000,10300000,10300000,10300000,10300000,10300000,10300000,10200000,10200000,10200000,10200000,10200000,10200000,10200000,10300000,10300000,10300000,10300000,10300000,10300000,10300000,10300000,10300000,10300000,10300000,10300000,10300000,10300000,10300000,10300000,10300000,10300000,10300000,10300000,10300000,10300000,10300000,10300000,10300000,10300000,10300000,10300000,10300000,10300000,10300000,10300000,10300000,10300000,10300000,10300000,,66,,
10300000,10300000,10300000,10300000,10300000,10300000,10300000,10300000,10300000,10300000,10300000,10300000,10300000,10300000,10300000,10300000,10300000,10300000,10300000,10300000,10300000,10300000,10300000,10300000,10300000,10300000,10300000,10300000,10300000,10300000,10300000,10300000,10300000,10300000,10300000,10300000,10300000,10200000,10200000,10200000,10200000,10200000,10200000,10200000,10300000,10300000,10300000,10300000,10300000,10300000,10300000,10300000,10300000,10300000,10300000,10300000,10300000,10300000,10300000,10300000,10300000,10300000,10300000,10300000,10300000,10300000,10300000,10300000,10300000,10300000,10300000,10300000,10300000,10300000,10300000,10300000,10300000,10300000,10300000,10300000,,67,,
10300000,10300000,10300000,10300000,10300000,10300000,10300000,10300000,10300000,10300000,10300000,10300000,10300000,10300000,10300000,10300000,10300000,10300000,10300000,10300000,10300000,10300000,10300000,10300000,10300000,10300000,10300000,10300000,10300000,10300000,10300000,10300000,10300000,10300000,10300000,10300000,10300000,10200000,10200000,10200000,10200000,10200000,10200000,10200000,10300000,10300000,10300000,10300000,10300000,10300000,10300000,10300000,10300000,10300000,10300000,10300000,10300000,10300000,10300000,10300000,10300000,10300000,10300000,10300000,10300000,10300000,10300000,10300000,10300000,10300000,10300000,10300000,10300000,10300000,10300000,10300000,10300000,10300000,10300000,10300000,,68,,
10300000,10300000,10300000,10300000,10300000,10300000,10300000,10300000,10300000,10300000,10300000,10300000,10300000,10300000,10300000,10300000,10300000,10300000,10300000,10300000,10300000,10300000,10300000,10300000,10300000,10300000,10300000,10300000,10300000,10300000,10300000,10300000,10300000,10300000,10300000,10300000,10300000,10200000,10200000,10200000,10200000,10200000,10200000,10200000,10300000,10300000,10300000,10300000,10300000,10300000,10300000,10300000,10300000,10300000,10300000,10300000,10300000,10300000,10300000,10300000,10300000,10300000,10300000,10300000,10300000,10300000,10300000,10300000,10300000,10300000,10300000,10300000,10300000,10300000,10300000,10300000,10300000,10300000,10300000,10300000,,69,,
10300000,10300000,10300000,10300000,10300000,10300000,10300000,10300000,10300000,10300000,10300000,10300000,10300000,10300000,10300000,10300000,10300000,10300000,10300000,10300000,10300000,10300000,10300000,10300000,10300000,10300000,10300000,10300000,10300000,10300000,10300000,10300000,10300000,10300000,10300000,10300000,10300000,10200000,10200000,10200000,10200000,10200000,10200000,10200000,10300000,10300000,10300000,10300000,10300000,10300000,10300000,10300000,10300000,10300000,10300000,10300000,10300000,10300000,10300000,10300000,10300000,10300000,10300000,10300000,10300000,10300000,10300000,10300000,10300000,10300000,10300000,10300000,10300000,10300000,10300000,10300000,10300000,10300000,10300000,10300000,,70,,
10300000,10300000,10300000,10300000,10300000,10300000,10300000,10300000,10300000,10300000,10300000,10300000,10300000,10300000,10300000,10300000,10300000,10300000,10300000,10300000,10300000,10300000,10300000,10300000,10300000,10300000,10300000,10300000,10300000,10300000,10300000,10300000,10300000,10300000,10300000,10300000,10300000,10200000,10200000,10200000,10200000,10200000,10200000,10200000,10300000,10300000,10300000,10300000,10300000,10300000,10300000,10300000,10300000,10300000,10300000,10300000,10300000,10300000,10300000,10300000,10300000,10300000,10300000,10300000,10300000,10300000,10300000,10300000,10300000,10300000,10300000,10300000,10300000,10300000,10300000,10300000,10300000,10300000,10300000,10300000,,71,,
10300000,10300000,10300000,10300000,10300000,10300000,10300000,10300000,10300000,10300000,10300000,10300000,10300000,10300000,10300000,10300000,10300000,10300000,10300000,10300000,10300000,10300000,10300000,10300000,10300000,10300000,10300000,10300000,10300000,10300000,10300000,10300000,10300000,10300000,10300000,10300000,10300000,10200000,10200000,10200000,10200000,10200000,10200000,10200000,10300000,10300000,10300000,10300000,10300000,10300000,10300000,10300000,10300000,10300000,10300000,10300000,10300000,10300000,10300000,10300000,10300000,10300000,10300000,10300000,10300000,10300000,10300000,10300000,10300000,10300000,10300000,10300000,10300000,10300000,10300000,10300000,10300000,10300000,10300000,10300000,,72,,
10300000,10300000,10300000,10300000,10300000,10300000,10300000,10300000,10300000,10300000,10300000,10300000,10300000,10300000,10300000,10300000,10300000,10300000,10300000,10300000,10300000,10300000,10300000,10300000,10300000,10300000,10300000,10300000,10300000,10300000,10300000,10300000,10300000,10300000,10300000,10300000,10300000,10200000,10200000,10200000,10200000,10200000,10200000,10200000,10300000,10300000,10300000,10300000,10300000,10300000,10300000,10300000,10300000,10300000,10300000,10300000,10300000,10300000,10300000,10300000,10300000,10300000,10300000,10300000,10300000,10300000,10300000,10300000,10300000,10300000,10300000,10300000,10300000,10300000,10300000,10300000,10300000,10300000,10300000,10300000,,73,,
10300000,10300000,10300000,10300000,10300000,10300000,10300000,10300000,10300000,10300000,10300000,10300000,10300000,10300000,10300000,10300000,10300000,10300000,10300000,10300000,10300000,10300000,10300000,10300000,10300000,10300000,10300000,10300000,10300000,10300000,10300000,10300000,10300000,10300000,10300000,10300000,10300000,10200000,10200000,10200000,10200000,10200000,10200000,10200000,10300000,10300000,10300000,10300000,10300000,10300000,10300000,10300000,10300000,10300000,10300000,10300000,10300000,10300000,10300000,10300000,10300000,10300000,10300000,10300000,10300000,10300000,10300000,10300000,10300000,10300000,10300000,10300000,10300000,10300000,10300000,10300000,10300000,10300000,10300000,10300000,,74,,
10300000,10300000,10300000,10300000,10300000,10300000,10300000,10300000,10300000,10300000,10300000,10300000,10300000,10300000,10300000,10300000,10300000,10300000,10300000,10300000,10300000,10300000,10300000,10300000,10300000,10300000,10300000,10300000,10300000,10300000,10300000,10300000,10300000,10300000,10300000,10300000,10300000,10200000,10200000,10200000,10200000,10200000,10200000,10200000,10300000,10300000,10300000,10300000,10300000,10300000,10300000,10300000,10300000,10300000,10300000,10300000,10300000,10300000,10300000,10300000,10300000,10300000,10300000,10300000,10300000,10300000,10300000,10300000,10300000,10300000,10300000,10300000,10300000,10300000,10300000,10300000,10300000,10300000,10300000,10300000,,75,,
10300000,10300000,10300000,10300000,10300000,10300000,10300000,10300000,10300000,10300000,10300000,10300000,10300000,10300000,10300000,10300000,10300000,10300000,10300000,10300000,10300000,10300000,10300000,10300000,10300000,10300000,10300000,10300000,10300000,10300000,10300000,10300000,10300000,10300000,10300000,10300000,10300000,10200000,10200000,10200000,10200000,10200000,10200000,10200000,10300000,10300000,10300000,10300000,10300000,10300000,10300000,10300000,10300000,10300000,10300000,10300000,10300000,10300000,10300000,10300000,10300000,10300000,10300000,10300000,10300000,10300000,10300000,10300000,10300000,10300000,10300000,10300000,10300000,10300000,10300000,10300000,10300000,10300000,10300000,10300000,,76,,
10300000,10300000,10300000,10300000,10300000,10300000,10300000,10300000,10300000,10300000,10300000,10300000,10300000,10300000,10300000,10300000,10300000,10300000,10300000,10300000,10300000,10300000,10300000,10300000,10300000,10300000,10300000,10300000,10300000,10300000,10300000,10300000,10300000,10300000,10300000,10300000,10300000,10200000,10200000,10200000,10200000,10200000,10200000,10200000,10300000,10300000,10300000,10300000,10300000,10300000,10300000,10300000,10300000,10300000,10300000,10300000,10300000,10300000,10300000,10300000,10300000,10300000,10300000,10300000,10300000,10300000,10300000,10300000,10300000,10300000,10300000,10300000,10300000,10300000,10300000,10300000,10300000,10300000,10300000,10300000,,77,,
10300000,10300000,10300000,10300000,10300000,10300000,10300000,10300000,10300000,10300000,10300000,10300000,10300000,10300000,10300000,10300000,10300000,10300000,10300000,10300000,10300000,10300000,10300000,10300000,10300000,10300000,10300000,10300000,10300000,10300000,10300000,10300000,10300000,10300000,10300000,10300000,10300000,10200000,10200000,10200000,10200000,10200000,10200000,10200000,10300000,10300000,10300000,10300000,10300000,10300000,10300000,10300000,10300000,10300000,10300000,10300000,10300000,10300000,10300000,10300000,10300000,10300000,10300000,10300000,10300000,10300000,10300000,10300000,10300000,10300000,10300000,10300000,10300000,10300000,10300000,10300000,10300000,10300000,10300000,10300000,,78,,
10300000,10300000,10300000,10300000,10300000,10300000,10300000,10300000,10300000,10300000,10300000,10300000,10300000,10300000,10300000,10300000,10300000,10300000,10300000,10300000,10300000,10300000,10300000,10300000,10300000,10300000,10300000,10300000,10300000,10300000,10300000,10300000,10300000,10300000,10300000,10300000,10300000,10200000,10200000,10200000,10200000,10200000,10200000,10200000,10300000,10300000,10300000,10300000,10300000,10300000,10300000,10300000,10300000,10300000,10300000,10300000,10300000,10300000,10300000,10300000,10300000,10300000,10300000,10300000,10300000,10300000,10300000,10300000,10300000,10300000,10300000,10300000,10300000,10300000,10300000,10300000,10300000,10300000,10300000,10300000,,79,,
,,,,,,,,,,,,,,,,,,,,,,,,,,,,,,,,,,,,,,,,,,,,,,,,,,,,,,,,,,,,,,,,,,,,,,,,,,,,,,,,,,,
0,1,2,3,4,5,6,7,8,9,10,11,12,13,14,15,16,17,18,19,20,21,22,23,24,25,26,27,28,29,30,31,32,33,34,35,36,37,38,39,40,41,42,43,44,45,46,47,48,49,50,51,52,53,54,55,56,57,58,59,60,61,62,63,64,65,66,67,68,69,70,71,72,73,74,75,76,77,78,79,,,,
,,,,,,,,,,,,,,,,,,,,,,,,,,,,,,,,,,,,,,,,,,,,,,,,,,,,,,,,,,,,,,,,,,,,,,,,,,,,,,,,,,,
,,,,,,,,,,,,,,,,,,,,,,,,,,,,,,,,,,,,,,,,,,,,,,,,,,,,,,,,,,,,,,,,,,,,,,,,,,,,,,,,,,,
,,,,,,,,,,,,,,,,,,,,,,,,,,,,,,,,,,,,,,,,center,,,,,,,,,,,,,,,,,,,,,,,,,,,,,,,,,,,,,,,,,,,
